{"cameraMode":{"drawMode":0,"name":"Shaded","section":"Shading Mode"},"sceneLighting":false,"audioPlay":false,"sceneViewState":{"m_AlwaysRefresh":false,"showFog":false,"showSkybox":false,"showFlares":false,"showImageEffects":false,"showParticleSystems":false,"showVisualEffectGraphs":true,"m_FxEnabled":false},"in2DMode":false,"pivot":{"x":0.026123791933059694,"y":-0.03493684530258179,"z":1.230902910232544},"rotation":{"x":0.12109438329935074,"y":0.04167815297842026,"z":-0.005088972859084606,"w":0.9917529821395874},"size":2.490701198577881,"orthographic":false}