{"cameraMode":{"drawMode":0,"name":"Shaded","section":"Shading Mode"},"sceneLighting":false,"audioPlay":false,"sceneViewState":{"m_AlwaysRefresh":false,"showFog":true,"showSkybox":false,"showFlares":true,"showImageEffects":true,"showParticleSystems":true,"showVisualEffectGraphs":true,"m_FxEnabled":true},"in2DMode":false,"pivot":{"x":0.05027307569980621,"y":-0.015612751245498658,"z":-0.011109232902526856},"rotation":{"x":-0.2027045637369156,"y":-0.04199784994125366,"z":0.008701929822564125,"w":-0.9783005714416504},"size":0.7233080267906189,"orthographic":false}